minute_id,date,year,institution,keyword,context_snippet,is_climate_change,raw_llm_response
118,2017-07-04,,Reserve Bank of Australia,climate change,"noted that wholesale electricity prices had risen sharply over the first half of 2017
							and that this had led to significant increases in prices for retail customers. Members
							discussed these increases in the context of efforts to address climate change and to alter
							Australia's energy mix. Concerns about energy security, reliability and costs had been
							heightened over the preceding six months or so, partly reflecting policy uncertainty and its
							effect on the investment decisions ",True,yes
137,2019-10-01,,Reserve Bank of Australia,climate change,"sed non-financial risks facing the financial system. Members noted that cyber
						risks,
						and IT risks more broadly, were increasing as technology systems become more complex and
						embedded in all
						operations. Members also noted that climate change presented a risk to financial institutions.
						While
						extreme weather events were thought unlikely to produce large losses for the financial system as
						a
						whole, at least at present, losses could be larger in future if financial in",True,yes
160,2021-10-05,,Reserve Bank of Australia,climate change,"d acute and, in recognition of this, financial regulators had been working
						with financial institutions to bolster their cyber resilience. Financial institutions and regulators were
						also continuing to work on managing financial risks from climate change.
Considerations for monetary policy
In considering the policy decision, members observed that the outbreak of the Delta variant of COVID-19 had interrupted the recovery of the Australian economy and the
						available data pointed to a material dec",True,yes
161,2021-09-07,,Reserve Bank of Australia,carbon emissions,"						movement, which had weighed on activity and been disruptive for some key ports. There was also
						uncertainty about the effects of a range of recent policy measures, including those aimed at curbing
						financial stability risks, reducing carbon emissions and achieving broader social objectives.
The price of iron ore had fallen from high levels in recent times as Chinese authorities intensified
						efforts to restrict steel production. However, prices for coal and liquefied natural gas had continue",True,Yes
161,2021-09-07,,Reserve Bank of Australia,coal," stability risks, reducing carbon emissions and achieving broader social objectives.
The price of iron ore had fallen from high levels in recent times as Chinese authorities intensified
						efforts to restrict steel production. However, prices for coal and liquefied natural gas had continued to
						increase in recent months alongside strength in industrial output in China and elsewhere, and a boost to
						electricity demand from an unseasonably warm northern hemisphere summer. As a result, Aus",True,yes
164,2021-06-01,,Reserve Bank of Australia,climate change,"formation from liaison with banks suggested that,
					while businesses' appetite to borrow had increased somewhat, many businesses had little immediate
					need to borrow and demand for credit remained uneven.
Members discussed the implications of climate change for monetary policy and the Bank's
					financial stability mandate through its effects on the economy and the financial system. Members noted
					that, both in Australia and abroad, the private sector had begun responding to climate risks in a
			",True,Yes
164,2021-06-01,,Reserve Bank of Australia,carbon emissions,"ancial product is ‘sustainable’. Members noted that
					particular taxonomies could become very influential in global financial markets, and these will have an
					important bearing on the cost and availability of financing the transition to lower carbon emissions
					for Australia.
Considerations for monetary policy
In considering the policy decision, members observed that the global economic recovery from the
				pandemic had continued and the outlook was for strong growth in output in 2021 and the followi",True,yes
164,2021-06-01,,Reserve Bank of Australia,green finance,"nomy and the financial system. Members noted
					that, both in Australia and abroad, the private sector had begun responding to climate risks in a
					number of ways, including by increasing disclosure of climate-related risks and developing
					‘green finance’ products. Central banks and financial regulators had been actively
					accounting for climate-related risks in carrying out their policy and regulatory responsibilities.
					Domestically, the Bank is working closely with other Council of Financia",True,Yes
164,2021-06-01,,Reserve Bank of Australia,climate risk,"ions of climate change for monetary policy and the Bank's
					financial stability mandate through its effects on the economy and the financial system. Members noted
					that, both in Australia and abroad, the private sector had begun responding to climate risks in a
					number of ways, including by increasing disclosure of climate-related risks and developing
					‘green finance’ products. Central banks and financial regulators had been actively
					accounting for climate-related risks in carrying out t",True,Yes
166,2021-04-06,,Reserve Bank of Australia,climate change,"bers agreed that it would be important to watch carefully for increased risk-taking by lenders and
					any deterioration in lending standards and larger shares of higher-risk loans.
Members agreed to have a broader discussion of the implications of climate change for financial
					stability in coming months.
Considerations for monetary policy
In considering the policy decision, members observed that the rollout of COVID-19 vaccines was supporting the recovery of the global economy. While the
					path ahead",True,yes
171,2022-10-04,,Reserve Bank of Australia,climate change,"f a decline in
						lending standards, it was important that lending standards remained prudent.
Finally, members discussed the Bank’s ongoing involvement in work streams addressing the financial
						stability risks associated with cybercrime and climate change. The recent cyber-attack on Optus
						underscored the importance of organisations having effective cyber resilience and recovery plans. In
						conjunction with other agencies comprising the Council of Financial Regulators, the Bank had participa",True,Yes
171,2022-10-04,,Reserve Bank of Australia,green finance," of climate change and associated policies, including the modelling of
						physical and transition risks and scenario analysis. In addition, the Bank continued to engage in
						international forums on the development of consistent standards for ‘green finance’ and the
						reporting of climate-related disclosures, which was relevant to its ongoing analysis of the cost and
						availability of finance in Australia.
Considerations for monetary policy
In considering the policy decision, members noted that",True,Yes
171,2022-10-04,,Reserve Bank of Australia,transition risk,"ons to navigate
						significant cyber-related disruptions. The Bank also continued to progress work on the economic and
						financial stability implications of climate change and associated policies, including the modelling of
						physical and transition risks and scenario analysis. In addition, the Bank continued to engage in
						international forums on the development of consistent standards for ‘green finance’ and the
						reporting of climate-related disclosures, which was relevant to its ongoing ",True,Yes
173,2022-08-02,,Reserve Bank of Australia,climate change,"ance, such as private equity and non-bank finance, although these sources of funds remained
						modest compared with bank lending.
Members discussed recent developments in the management of climate-related financial risks. They observed
						that climate change and other sustainability considerations have become more prominent in the decisions
						of investors and that there is potential for climate-risk considerations to influence the cost and
						availability of financing for Australian entities. The",True,Yes
182,2023-10-03,,Reserve Bank of Australia,climate change,"from outside the financial system. Such threats include
						cyber-attacks, the potential for an escalation in geopolitical tensions that cause severe disruptions to
						trade and international capital flows, and the effects of, and responses to, climate change.
Considerations for monetary policy
In turning to the policy decision, members noted that inflation remained well above target and was
						expected to do so for some time. Services price inflation remained sticky, and fuel prices were adding to
		",True,Yes
531,2022-01-21,,Bank of Japan,coal,"hile giving consideration to underpinning the economy -- maintained its stance of further deleveraging the real estate sector. A few other members expressed the recognition that power supply issues had been alleviated, partly owing to an increase in coal supply. One of these members noted that it was difficult to build a new large-scale coal-fired power plant amid the global trend toward decarbonization; therefore, power supply issues could be a factor to push down the Chinese economy's medium- to l",True,Yes
531,2022-01-21,,Bank of Japan,decarbonization,"mbers expressed the recognition that power supply issues had been alleviated, partly owing to an increase in coal supply. One of these members noted that it was difficult to build a new large-scale coal-fired power plant amid the global trend toward decarbonization; therefore, power supply issues could be a factor to push down the Chinese economy's medium- to long-term growth, along with the aging population and strengthening of various controls.
Members shared the recognition that emerging economies had picke",True,Yes
532,2021-12-22,,Bank of Japan,climate change,"wth from a somewhat long-term perspective, it was important to also achieve increases in productivity and wages at small and medium-sized firms, where 70 percent of employees in Japan work, in addition to accelerating digitalization and responses to climate change in the corporate sector. 
Members concurred that, as the impact of COVID-19 waned gradually, overseas economies were likely to continue growing, albeit with variation across countries and regions, supported by aggressive macroeconomic policies taken",True,yes
532,2021-12-22,,Bank of Japan,renewable energy," the adaptive formation mechanism and thereby encourage further price rises. One member pointed out that the rise in energy prices could persist, putting upward pressure on prices, in a situation where oil and coal continued to be replaced mainly by renewable energy, with awareness of climate change issues heightening globally. One member expressed the view that, on the back of improvement in the output gap due to the further normalization of the economy, there was a possibility that a pass-through to consumer ",True,Yes
532,2021-12-22,,Bank of Japan,coal,"long-term inflation expectations through the adaptive formation mechanism and thereby encourage further price rises. One member pointed out that the rise in energy prices could persist, putting upward pressure on prices, in a situation where oil and coal continued to be replaced mainly by renewable energy, with awareness of climate change issues heightening globally. One member expressed the view that, on the back of improvement in the output gap due to the further normalization of the economy, ther",True,Yes
533,2021-11-02,,Bank of Japan,climate change,"nts in the automobile-related sector because of various supply-side constraints. The member continued that, however, the recovery trend of the economy had been maintained on the whole, supported by positive factors such as investments that addressed climate change and those related to digitalization, and thus there was no need to change the current scenario for economic recovery. One member noted that it was a positive development that the number of confirmed cases had recently turned to a decrease, but given",True,yes
533,2021-11-02,,Bank of Japan,greenhouse gas,"ontents of their own criteria and determination process. Regarding the requirements for ""Japan's actions"" to address climate change, investment or loans that applied to one of the following could be made eligible: (1) those that would reduce Japan's greenhouse gas emissions or other investment or loans for domestic businesses to address climate change; (2) those that would contribute to (1) through supply chains; (3) those for research and development for which outcomes would be conducive to (1); and (4) of t",True,Yes
533,2021-11-02,,Bank of Japan,carbon neutral,"es to relate it to the price stability target.
V5. Remarks by Government Representatives
The representative from the Ministry of Finance made the following remarks.

(1) With regard to climate change, the government had been working toward achieving carbon neutrality by 2050. It considered that the Climate Response Financing Operations reflected the Bank's proactive stance toward addressing climate change. It expected the Bank to appropriately proceed with preparations for the launch of the fund provision wit",True,Yes
533,2021-11-02,,Bank of Japan,carbon neutrality,"es to relate it to the price stability target.
V5. Remarks by Government Representatives
The representative from the Ministry of Finance made the following remarks.

(1) With regard to climate change, the government had been working toward achieving carbon neutrality by 2050. It considered that the Climate Response Financing Operations reflected the Bank's proactive stance toward addressing climate change. It expected the Bank to appropriately proceed with preparations for the launch of the fund provision within",True,yes
533,2021-11-02,,Bank of Japan,decarbonization," member expressed the view that, while bearing in mind a similar long-term horizon, the government and the Bank should fulfill their respective roles in making responses to the pandemic and addressing important challenges, such as digitalization and decarbonization. Moreover, one member said that, with regard to the implementation of the Special Deposit Facility to Enhance the Resilience of the Regional Financial System, under which special remunerations had started to be applied from the September 2021 mainte",True,yes
533,2021-11-02,,Bank of Japan,tcfd,"limate change. In terms of the details of ""a certain level of disclosure,"" the Bank could require counterparties to make public information on the four thematic areas in the Recommendations of the Task Force on Climate-related Financial Disclosures (TCFD) as well as on the targets and actual results for their investment or loans, with a view to ensuring that those wishing to be counterparties for the operations were organizationally committed to efforts to address climate change.
With respect to the",True,Yes
534,2021-09-28,,Bank of Japan,carbon neutral,"ould be investment or loans made by counterparties as part of their aforementioned efforts that contributed to Japan's actions to address climate change. Climate change is a global challenge, but as each country was making its own efforts to achieve carbon neutrality, it would be appropriate for the Bank, as the central bank of Japan, to design a scheme that supports Japan's actions to address climate change. The types of eligible investment or loans could include (1) green loans or bonds, (2) sustainability-",True,Yes
534,2021-09-28,,Bank of Japan,carbon neutrality,"ould be investment or loans made by counterparties as part of their aforementioned efforts that contributed to Japan's actions to address climate change. Climate change is a global challenge, but as each country was making its own efforts to achieve carbon neutrality, it would be appropriate for the Bank, as the central bank of Japan, to design a scheme that supports Japan's actions to address climate change. The types of eligible investment or loans could include (1) green loans or bonds, (2) sustainability-lin",True,Yes
534,2021-09-28,,Bank of Japan,transition risk,"tions currently being taken in each country, it would be appropriate for the Bank to support efforts that contributed to Japan's actions to address climate change. Some members expressed the view that, given such factors as the size of the impact of transition risks on Japan's economy, the measure should cover transition finance. A different member commented that, taking into account the fluidity of the external environment surrounding climate change, the Bank should carefully decide on the scope of the measur",True,Yes
535,2021-07-21,,Bank of Japan,climate change,"nk to decide at this meeting to extend the duration of the Special Program by six months until the end of March 2022, thereby continuing to support financing, mainly of firms.
Furthermore, members discussed possible monetary policy actions regarding climate change issues. Some members expressed the recognition that, since such issues could exert an extremely large impact on developments in economic activity and prices as well as financial conditions from a medium- to long-term perspective, they were relevant ",True,Yes
536,2021-06-23,,Bank of Japan,climate change,"omy and the effects of monetary policy would evolve as COVID-19 brought about a further acceleration in digitalization of the economy and in turn progress with a shift in firms' assets from tangible to intangible. A different member pointed out that climate change was an important issue, in that it could affect the economy and the financial system, and thus the Bank should continue to enhance interdepartmental cooperation and consider necessary responses in line with its mandate as the central bank.
With resp",True,yes
538,2021-03-24,,Bank of Japan,climate change,"s said that, in addition to the change of government in the United States, the replacement of the Chancellor of Germany was scheduled to take place in 2021, and that the impact of such changes in political developments overseas on efforts concerning climate change issues and on emerging economies warranted close monitoring.
Members concurred that Japan's exports of goods were projected to increase for a wide range of goods, including capital goods and IT-related goods, mainly on the back of a global recovery ",True,yes
538,2021-03-24,,Bank of Japan,decarbonization,"mmodative financial conditions, the government's economic measures, and improvement in corporate profits. One member expressed the view that the government's comprehensive economic measures had laid out the direction of efforts in digitalization and decarbonization and enhanced predictability for business managers, which had brought about an environment facilitating firms' fixed investment. Meanwhile, members concurred that public investment was projected to steadily increase, reflecting progress such as in co",True,Yes
539,2023-01-23,,Bank of Japan,decarbonization,"e effects of supply-side constraints would wane, projects that had been postponed due to COVID-19 would be carried out, and IT-related investment to digitalize business activities as well as investment to address environmental issues, such as toward decarbonization, would increase.
Private consumption had increased moderately, despite being affected by COVID-19. The consumption activity index (CAI; real, travel balance adjusted) remained more or less flat for the July-September quarter of 2022 despite the impa",True,Yes
546,2022-03-24,,Bank of Japan,climate change," investment trusts (J-REITs) with upper limits of about 12 trillion yen and about 180 billion yen, respectively, on annual paces of increase in their amounts outstanding.
With a view to supporting financing of the private sector for their efforts on climate change, the Bank had made its first auction and loan disbursement amounting to 2.0 trillion yen under the Funds-Supplying Operations to Support Financing for Climate Change Responses (Climate Response Financing Operations).
B. Recent Developments in Financ",True,Yes
546,2022-03-24,,Bank of Japan,fossil fuel,"ational commodity prices, as well as the extent to which such developments would spread to import prices and domestic prices. A few members said that there was a risk of energy prices remaining elevated or rising further, mainly due to investment in fossil fuel development becoming constrained as a result of stricter environmental regulations worldwide and to heightened geopolitical risks in some commodity-exporting countries.
Based on these discussions, members shared the recognition that, with regard to ",True,Yes
552,2023-06-21,,Bank of Japan,decarbonization,"cts of supply-side constraints waned -- business fixed investment was expected to continue increasing, including investment to address labor shortages, digital-related investment, research and development (R&D) investment related to growth areas and decarbonization, and investment associated with strengthening supply chains. One member said that investment that had been postponed during the pandemic was likely to resume, and that such developments as an increase in digital-related and labor-saving investment w",True,Yes
554,2023-03-15,,Bank of Japan,climate change,"
Members voted unanimously to approve the amendment. It was confirmed that this would be made public after the meeting.
III3. Establishment of Special Rules for Financial Cooperatives regarding the Funds-Supplying Operations to Support Financing for Climate Change Responses
A. Staff Report
With a view to supporting a wide range of private sector efforts on climate change, the staff proposed that the Bank introduce a framework for enabling financial institutions that do not have a current account at the Bank t",True,Yes
555,2024-06-19,,Bank of Japan,decarbonization,"tions provided support, business fixed investment was likely 

to continue on an increasing trend, including investment to address labor shortages, digital-

related investment, research and development (R&D) investment related to growth areas and 

decarbonization, and investment associated with strengthening supply chains. One member 

pointed out that, according to a survey by the Cabinet Office, firms' expected growth rate had 

risen gradually and the business fixed investment plans in the March 2024  Tan",True,Yes
558,2024-07-04,,European Central Bank,climate change,"ntifying this risk was difficult and possible outcomes could lie anywhere between limited sector-specific consequences and a wider breakdown of trade links. The view was put forward that deglobalisation, greater protectionism and the rising costs of climate change were global trends affecting the supply side of the economy and giving rise to longer-term inflation pressures.With regard to the euro area economy, members widely noted that the June 2024 Eurosystem staff projections entailed upward revisions to bo",True,Yes
558,2024-07-04,,European Central Bank,climate crisis,"e than expected. Upside risks to inflation also stemmed from the heightened geopolitical tensions, which could push energy prices and freight costs higher in the near term and disrupt global trade. Moreover, extreme weather events, and the unfolding climate crisis more broadly, could drive up food prices. By contrast, inflation could surprise on the downside if monetary policy dampened demand more than expected, or if the economic environment in the rest of the world worsened unexpectedly. It was suggested th",True,yes
560,2024-05-10,,European Central Bank,climate change," to be tilted to the upside despite the ongoing disinflation process. Among the drivers of these perceived upside risks to the inflation outlook, food prices had increased sharply over recent weeks, in part owing to extreme weather events related to climate change and the El Niño phenomenon. Brent crude oil prices had risen above USD 90 per barrel on fears of rising tensions in the Middle East.  Risk asset markets remained resilient to monetary policy uncertainty. The benchmark EURO STOXX index had increased ",True,Yes
560,2024-05-10,,European Central Bank,green transition,"e of interest. In this context, it was argued that ongoing structural changes might have led to an increase in such benchmark rates. These changes included the anticipation of the significant global investment needs to address climate change and the green transition, geopolitical shifts and trade fragmentation leading to deglobalisation, and advances in artificial intelligence and digitalisation. In addition, rising public debt burdens worldwide might exert further upward pressure on the natural rate of interes",True,Yes
562,2024-04-04,,European Central Bank,climate change,"ia wages. That implied that the benign inflation outlook in the latest projections depended critically on the favourable energy price assumptions. Moreover, the combination of El Niño and La Niña, in conjunction with the impact of global warming and climate change, was creating upside risks for food prices. It was added that month-on-month figures showed that core inflation had again been on the rise for the last couple of months, which called for continued caution on the inflation outlook. Services inflation",True,yes
562,2024-04-04,,European Central Bank,global warming,"es or indirectly, via wages. That implied that the benign inflation outlook in the latest projections depended critically on the favourable energy price assumptions. Moreover, the combination of El Niño and La Niña, in conjunction with the impact of global warming and climate change, was creating upside risks for food prices. It was added that month-on-month figures showed that core inflation had again been on the rise for the last couple of months, which called for continued caution on the inflation outlook.",True,yes
564,2024-02-22,,European Central Bank,climate change,"tion and could simultaneously create headroom for investment. It was also recalled that governments needed to bring down high public debt ratios while being ready to contribute to closing the investment gap for the green transition and adaptation to climate change. This implied that they also had to adjust not only the path of “headline” fiscal policies but also the composition of budgets, to be able to pursue truly sustainable levels of economic activity that were resilient to the increasingly plausible scen",True,Yes
564,2024-02-22,,European Central Bank,paris agreement,"of “headline” fiscal policies but also the composition of budgets, to be able to pursue truly sustainable levels of economic activity that were resilient to the increasingly plausible scenario that the world would fall short of the objectives of the Paris Agreement.With regard to price developments, members concurred with the assessment presented by Mr Lane in his introduction. Inflation had risen to 2.9% in December as some of the past fiscal measures to cushion the impact of high energy prices dropped out of",True,Yes
564,2024-02-22,,European Central Bank,green transition,"r progress towards fiscal consolidation and could simultaneously create headroom for investment. It was also recalled that governments needed to bring down high public debt ratios while being ready to contribute to closing the investment gap for the green transition and adaptation to climate change. This implied that they also had to adjust not only the path of “headline” fiscal policies but also the composition of budgets, to be able to pursue truly sustainable levels of economic activity that were resilient t",True,Yes
566,2024-01-18,,European Central Bank,climate change,"gotiations – and the impact of structural shocks on the economy and inflation dynamics could well contribute to “last mile”-type delays in disinflation. There was also a risk of new shocks, such as further energy or food price shocks, and effects of climate change on food prices, as well as climate-related measures such as higher carbon taxes, which could render inflation more persistent and more easily unanchor inflation expectations after a long period of above-target inflation.On the other hand, the view w",True,yes
566,2024-01-18,,European Central Bank,energy transition,"cting structurally higher energy prices and weaker capital formation. Many euro area corporations found it hard to compete internationally, owing to the high energy costs in Europe. As investment in renewables was running into capacity problems, the energy transition was not going to provide much relief from high energy prices in the near term. The downward revision to potential output also had implications for the implied output gap and for inflationary dynamics. Overall, the outlook for both productivity growt",True,Yes
568,2023-11-23,,European Central Bank,climate crisis," hand, upside risks to inflation could come from higher energy and food costs. The heightened geopolitical tensions could drive up energy prices in the near term while making the medium-term outlook more uncertain. Extreme weather, and the unfolding climate crisis more broadly, could push food prices up by more than expected. Additionally, a lasting rise in inflation expectations above the inflation target, or higher than anticipated increases in wages or profit margins, could also drive inflation higher, inc",True,yes
570,2023-10-12,,European Central Bank,climate change,"lso increased markedly since the July meeting and had shown increased sensitivity to supply outages. Finally, upside risks to inflation could also emanate from food prices, which could react with a lag to this year’s extreme weather events caused by climate change and amplified by El Niño. In money markets, non-monetary policy deposits had continued to decline since the 26-27 July meeting. Secured money market rates had been broadly unchanged amid limited volatility, suggesting that there was no downward pres",True,Yes
570,2023-10-12,,European Central Bank,climate crisis,"ter of 2023 than in the fourth quarter of 2024, and no extra inflation momentum was expected in 2024.Upside risks to inflation included potential renewed upward pressures on the costs of energy and food. Adverse weather conditions, and the unfolding climate crisis more broadly, could push food prices up by more than expected. A lasting rise in inflation expectations above the 2% target, or higher than anticipated increases in wages or profit margins, could also drive inflation higher, including over the mediu",True,Yes
570,2023-10-12,,European Central Bank,energy transition,"s to how persistent the impact of these shocks would be. On the one hand, it was argued that a real transformation was taking place in energy markets, as suppliers were trying to maximise their revenues through production cuts, in view of the global energy transition. This could put persistent upward pressure on energy prices for years to come. Moreover, it was pointed out that climate change could bring with it a series of new adverse supply-side shocks, with a much greater frequency of extreme weather events r",True,yes
572,2023-08-31,,European Central Bank,climate change,"ctors and potential shocks that were hard to predict. In this context, the consequences of Russia’s unilateral withdrawal from the Black Sea Grain Initiative were a big question mark. Another significant risk factor for food prices was the impact of climate change and weather shocks such as those related to El Niño, which were likely to be non-linear. It needed to be established whether these shocks were related to demand or supply and whether they implied mainly short-term volatility or might affect the medi",True,Yes
572,2023-08-31,,European Central Bank,climate crisis,"d downside risks. The upside risks included potential renewed upward pressures on the costs of energy and food, also related to Russia’s unilateral withdrawal from the Black Sea Grain Initiative. Adverse weather conditions, in light of the unfolding climate crisis, could push up food prices by more than projected. And a lasting rise in inflation expectations above the ECB’s target, or higher than anticipated increases in wages or profit margins, could also drive inflation higher, including over the medium ter",True,Yes
572,2023-08-31,,European Central Bank,green investment," was less investment in housing and weaker prospects for investment more generally, in particular in capital-intensive and interest-sensitive sectors. Comfort was drawn in this context from the observation that the bank lending survey suggested that green investment might be less affected by the general pull-back of lending, as public and private green investment was vital for mitigating the occurrence and impact of climate shocks. At the same time, it was argued that the bad news concerning the growth outlook ",True,Yes
574,2023-07-13,,European Central Bank,paris agreement,"in view of the discontinuation of reinvestments under the APP, the Governing Council should discuss whether further climate-related measures should be considered to ensure that the measures were fit for purpose and aligned with the objectives of the Paris Agreement and the EU’s climate neutrality objectives.Members generally agreed that the data-dependent approach to monetary policymaking, combined with the communication on the ECB’s reaction function, had served the Governing Council well and should be reconf",True,Yes
576,2023-06-01,,European Central Bank,paris agreement,"ment to support the general economic policies in the EU, as also reflected in the ECB’s monetary policy strategy. In particular, a request was made to assess whether the overall composition of the portfolio remained aligned with climate goals of the Paris Agreement.Caution was also expressed against too fast a contraction in the Eurosystem balance sheet. Owing to the TLTRO repayments, the expected pace of the reduction in the balance sheet was already quite fast, while the impact of the APP run-off on the lowe",True,Yes
580,2023-03-02,,European Central Bank,paris agreement," conducted broadly in line with current practice. Without prejudice to the objective of price stability, the Governing Council should also support the gradual decarbonisation of the Eurosystem’s corporate bond holdings, in line with the goals of the Paris Agreement. As regards the pandemic emergency purchase programme (PEPP), the signalling power of the framework for PEPP reinvestment flexibility was still supporting the monetary policy transmission mechanism. It was therefore proposed, in the spirit of pruden",True,Yes
580,2023-03-02,,European Central Bank,decarbonisation,"ties held in the portfolio. To this end, Mr Lane proposed that the partial reinvestments be conducted broadly in line with current practice. Without prejudice to the objective of price stability, the Governing Council should also support the gradual decarbonisation of the Eurosystem’s corporate bond holdings, in line with the goals of the Paris Agreement. As regards the pandemic emergency purchase programme (PEPP), the signalling power of the framework for PEPP reinvestment flexibility was still supporting the",True,yes
581,2023-02-02,,European Central Bank,paris agreement,"e strongly towards issuers with a better climate performance. Without prejudice to the ECB’s price stability objective, this approach will support the gradual decarbonisation of the Eurosystem’s corporate bond holdings, in line with the goals of the Paris Agreement.The detailed modalities for reducing the APP holdings are described in a separate press release to be published at 15:45 CET.Key ECB interest ratesThe Governing Council decided to raise the three key ECB interest rates by 50 basis points. Accordingl",True,Yes
581,2023-02-02,,European Central Bank,decarbonisation,"r the Eurosystem’s corporate bond purchases, the remaining reinvestments will be tilted more strongly towards issuers with a better climate performance. Without prejudice to the ECB’s price stability objective, this approach will support the gradual decarbonisation of the Eurosystem’s corporate bond holdings, in line with the goals of the Paris Agreement.The detailed modalities for reducing the APP holdings are described in a separate press release to be published at 15:45 CET.Key ECB interest ratesThe Governi",True,Yes
590,2022-07-07,,European Central Bank,climate change," least stay higher for longer, in contrast to the downward-sloping path of the futures curve embedded in the projections. This technical assumption had been one of the main reasons for forecast errors in the past. Moreover, structural shifts such as climate change might exert more lasting upward pressure on energy and food prices. This could lead to headline inflation exceeding core inflation by a much larger margin than observed historically, casting further doubt on the plausibility of headline inflation fa",True,yes
592,2022-05-19,,European Central Bank,green transition,"netary policy support remained critical, especially in the present difficult geopolitical situation. In addition, the successful implementation of the investment and reform plans under the Next Generation EU programme would accelerate the energy and green transitions.Members agreed with Mr Lane that heightened uncertainty was affecting the euro area outlook, along with the negative supply shock driven by the surge in energy and other commodity prices. Uncertainty had reached levels that made any assessment of t",True,Yes
595,2022-01-20,,European Central Bank,paris agreement,"s over the projection horizon and contributions of energy prices to headline inflation in 2023 and 2024 well below historical average levels. It was also reiterated that increases in carbon prices towards levels needed to reach the objectives of the Paris Agreement would push inflation upwards in the coming years, both within and beyond the projection horizon. Finally, it was recalled that the inflation projections did not yet include developments in owner-occupied housing costs. Reference was made to estimate",True,Yes
596,2021-11-25,,European Central Bank,paris agreement,"discussion, members also recalled other factors that were relevant for the medium-term inflation outlook. It was argued that, thus far, the projections did not include the rise in carbon prices that would be needed to reach the objectives set in the Paris Agreement. It was acknowledged that energy prices needed to rise in order to affect the behaviour of consumers and enterprises through relative price changes (vis-à-vis non-energy components), but the question was raised as to whether the ultimate effects of ",True,yes
597,2021-10-07,,European Central Bank,climate change,"f the current inflation shock was largely temporary, it would only require a relatively small percentage of the current shock to become permanent for inflation to be close to 2 per cent at the end of the projection horizon. 
The importance of taking climate change policies and the future development of carbon prices into account was emphasised. Their impact was likely to lead to sustained upward price pressures for a number of years. Carbon prices would inevitably have to increase substantially to ensure that",True,Yes
597,2021-10-07,,European Central Bank,paris agreement,"e development of carbon prices into account was emphasised. Their impact was likely to lead to sustained upward price pressures for a number of years. Carbon prices would inevitably have to increase substantially to ensure that the objectives of the Paris Agreement were reached, with the direct effects of climate policies on energy prices likely to affect price developments in the later years of the projection horizon. 
At the same time, there was little evidence so far of second-round effects on wage negotiat",True,Yes
598,2021-08-26,,European Central Bank,fossil fuel,"n energy prices and some other price components in the period ahead. However, it was also argued that such cost and price pressures linked to the climate transition might be offset by efficiency gains from technological change, by the replacement of fossil fuels with renewables in the energy mix and by an intended downward impact on energy consumption. The point was made, however, that the direct effect of climate policies on energy prices should dominate initially and that any substitution effect was like",True,Yes
599,2021-07-29,,European Central Bank,climate change,"ce, magnitude and persistence of the shocks affecting the economy. The medium-term orientation also allowed the Governing Council to cater for other considerations relevant to the pursuit of price stability. Employment, financial stability risks and climate change were some of the areas that had been assessed in great depth during the strategy review. 
The Governing Council had also carefully reviewed the appropriateness of the instruments in its monetary policy toolkit. It was clear that the key ECB interest",True,yes
600,2021-07-09,,European Central Bank,climate change,"y price dynamics over the projection horizon, which in the context of the current projections implied a questionable decline in headline inflation between 2022 and 2023. It was also argued that, in a situation where governments were striving to meet climate change targets, it was likely that new measures would be required that might bring additional upside risks to price developments over a medium to longer-term horizon. For these reasons, projected inflation of only 1.4% in 2023 was widely seen as subject to",True,Yes
613,2020-01-16,,European Central Bank,climate change,"w climate-related policies, including the European Commission’s Green Deal package, should be taken into account in the projection exercises, with members contending that there was a need to step up efforts to understand the economic consequences of climate change. It was highlighted that while policies designed to mitigate the impact of climate change could be expected to have an impact on growth and inflation in the coming years, the implications for the projections would need to be analysed carefully. In p",True,yes
846,2020-01-10,,Sveriges Riksbank,climate change,"y framework, Next Generation EU, and to the Federal Reserve’s monetary 

policy strategy. The ECB is also reviewing its framework.3 In addition to economic policy reforms 

abroad, we also need to consider structural changes, such as digitalisation, climate change and 

globalisation, which may occur either more rapidly or more slowly as a result of the corona crisis. 

Such changes can have positive or negative effects on the labour market and output. It may 

affect our capacity to maintain price stability.",True,Yes
846,2020-01-10,,Sveriges Riksbank,greenhouse gas,"hosen to include unincorporated businesses within the 

framework for our funding for lending scheme. Another aspect related to innovation is reviewing 

how we can consider sustainability in our purchases of corporate bonds and measure and report 

greenhouse gas emissions linked to these purchases. 

As the article in the draft Monetary Policy Report describes, the funding for lending programme 

and bond purchases have so far had the desired effect. The corona crisis has not developed into a 

financial cr",True,yes
853,2020-07-12,,Sveriges Riksbank,climate change,"cines, and a rapid 

economic recovery during the summer. There is an article in the draft Monetary Policy Report 

that discusses the possible long-term economic effects of the pandemic. The draft report also 

contains articles about the effect of climate change on the Riksbank’s work and about the 

distributional effects of the Riksbank's measures. 

After a calmer summer, the spread of infection began to increase again in September and 

October. Data that is relatively comparable over time, such as the ",True,Yes
853,2020-07-12,,Sveriges Riksbank,greenhouse gas,"assets and norms-based negative screening will help us in this 

regard. The best outcome would be if all companies comply with international norms and 

standards so that we do not need to exclude any of them. In addition, measuring and reporting 

greenhouse gas emissions associated with the purchase of corporate bonds also helps us to have 

a high degree of transparency in our measures. This also highlights the importance of better data 

at the company level related to climate risks. For more information",True,Yes
853,2020-07-12,,Sveriges Riksbank,climate risk,"ring and reporting 

greenhouse gas emissions associated with the purchase of corporate bonds also helps us to have 

a high degree of transparency in our measures. This also highlights the importance of better data 

at the company level related to climate risks. For more information about the Riksbank’s climate 

transition strategy and compliance with our mandate, I warmly recommend the article in the 

draft Monetary Policy Report.  

In summary, I would like to stress that I see a need for expansionary",True,Yes
857,2021-06-12,,Sveriges Riksbank,climate change,", we need to continue to develop 

the inflation forecasts. Let me mention three areas that I think will be particularly important in 

the coming years that were not as much in the spotlight a few years ago: the long-term effects of 

the pandemic, climate change and fiscal policy.   

First, the short-term effects of the pandemic on measuring inflation, restrictions and supply 

disruptions are well analysed. These will fade over time. However, my assessment is that the 

pandemic will also lead to changed ",True,Yes
857,2021-06-12,,Sveriges Riksbank,carbon tax,"that more frequent extreme weather leads to higher food and energy prices.8 In the 

coming years, it is possible that policy measures needed to address climate change may also have 

an impact on inflation, for example by more countries introducing carbon taxes and/or emissions 

trading. Inflation may also become more volatile and difficult to forecast as more countries and 

sectors are affected by both extreme weather and policies to mitigate climate change.9   

Third, in a world of low global real i",True,yes
858,2021-09-30,,Sveriges Riksbank,climate change," areas. Investments in the build-up of capital – both human capital and 

physical capital – will probably pay a high return, given today’s low interest rates. Also on the list 

of essential investments, we need investments to manage and counteract climate change. 

I shall conclude by summarising my views on the direction for monetary policy. The average rate 

for CPIF inflation in the past 20 years has been around 1.5 per cent. With this background: the 

fact that inflation is now according to our foreca",True,Yes
859,2021-10-05,,Sveriges Riksbank,climate risk,"ossibilities for remote working.  

This is an example of how the pandemic has accelerated trends that were already underway 

before the crisis. Other examples are digitalisation of the services sector, increased e-Commerce 

and a greater focus on climate risks and green transition. How these structural changes affect 

growth, the labour market and inflation will be important to analyse in order to make an accurate 

forecast for the Swedish economy and inflation in the years to come.  

Allow me to summ",True,Yes
865,2022-11-07,,Sveriges Riksbank,climate change,"t concerns the risks in the near term and what these mean for the forecast. 

Sweden and Europe are facing a tough autumn and winter. Global developments are currently 

characterised by a protracted war in Ukraine, lockdowns in China and effects of climate change in 

the form of heatwaves, floods and fires. This affects energy and food supply, risks driving up 

energy and food prices further and creating uncertainty about global value chains. All these 

factors suggest that we need to be prepared for low ",True,Yes
865,2022-11-07,,Sveriges Riksbank,greenhouse gas,"l for a decision on asset purchases in 

the second half of 2022 in greater detail. The annex also contains a proposal for a decision that 

the Riksbank shall only purchase corporate bonds issued by companies that report their annual 

emissions of greenhouse gases in accordance with the recommendations of the Task Force on 

Climate-related Financial Disclosures. It is proposed that this decision will apply from 1 

September 2022.  

§3b. The economic situation and monetary policy  

Deputy Governor Anna B",True,Yes
866,2023-02-10,,Sveriges Riksbank,climate change,"ide, 
meaning that the risk that inflation will be higher than forecast is greater than the 
risk it will be lower. The risk outlook includes continued high core inflation, a weak 
krona, a slowdown in China, the difficult geopolitical situation and climate change 
that may push up energy and food prices. When we are coming from a situation 

19 

 
with high inflation, it is more problematic if inflation is higher than forecast than 
the reverse (see alternative scenarios in Chapter 1 of the draft report). ",True,Yes
904,2021-08-20,,Reserve Bank of India,climate change,". However, the spatial and temporal distribution of monsoon this season has been sub-par. While sowing deficiency that was large in early July has been largely bridged, some adverse impact on yields and outturn can emerge. These risks can magnify if climate changes cause a repeat of weather disruptions as has often happened of late with unseasonal rains affecting some horticulture crops. Second, the IIP in Q1 of 2021-22 is likely to remain below the pre-pandemic average for fiscal year 2019-20 as is already k",True,Yes
905,2021-10-22,,Reserve Bank of India,fossil fuel,"al subsidies and widen CAD by about 0.25% of GDP. Unless cooperative solutions are found, the underlying gas shortages in Europe are going to get worse in the winters and as they might enervate climate change commitments. The increased dependence on fossil fuels can structurally lift energy inflation and its passthrough to general price level. High imported coal prices are already affecting power generation in some coastal plants in India. Chips delivery time has gone up to 21 weeks from 12 weeks in the pr",True,Yes
905,2021-10-22,,Reserve Bank of India,coal,hortages in Europe are going to get worse in the winters and as they might enervate climate change commitments. The increased dependence on fossil fuels can structurally lift energy inflation and its passthrough to general price level. High imported coal prices are already affecting power generation in some coastal plants in India. Chips delivery time has gone up to 21 weeks from 12 weeks in the pre-pandemic period. Automakers are compelled to cut down production. Container freight rates are still o,True,Yes
1409,2019-11-20,,Federal Reserve,climate change," of participants indicated that market participants may be overly optimistic in the pricing of risk for corporate debt. A couple of participants judged that the monitoring of financial stability vulnerabilities should also encompass risks related to climate change.

In their consideration of the monetary policy options at this meeting, most participants believed that a reduction of 25 basis points in the target range for the federal funds rate would be appropriate. In discussing the reasons for such a decisio",True,Yes
1418,2020-11-25,,Federal Reserve,climate change,"t rates and highly accommodative financial market conditions could lead to excessive risk-taking, which in turn could result in elevated firm bankruptcies and significant employment losses in the next economic downturn. A few participants noted that climate change poses important challenges to financial stability and welcomed analysis of climate change as both a source of shocks and an underlying vulnerability. A couple of participants commented that the actions taken by the Federal Reserve to support the eco",True,Yes
1426,2021-11-24,,Federal Reserve,carbon emissions,"es (EMEs). In several EMEs, public health restrictions were reinstated, resulting in factory closures. Moreover, Chinese manufacturing output was curtailed by the rationing of electricity amid a coal shortage resulting in part from policies to lower carbon emissions. In contrast to EMEs, advanced foreign economies (AFEs) generally continued to recover at a solid pace in the third quarter, as the boost from the further reopening of high-contact services activity was only partially offset by the drag from bottlen",True,yes
1436,2023-02-22,,Federal Reserve,climate change,"connections to the banking system thus far, consistent with the risks associated with many of these activities. Several participants discussed the value of the Federal Reserve taking additional steps to understand the potential risks associated with climate change or to assess the materiality of such risks in the context of carrying out its responsibilities to evaluate risks in the banking system and broader financial system. A number of participants stressed that a drawn-out period of negotiations to raise t",True,yes
1449,2023-12-28,,People's Bank of China,carbon neutral," modern industrial system. Adhere to the ""two unswerving"" and continue to do a good job in financial services to support the development and growth of the private economy. Improve the green financial system with the goal of promoting carbon peak and carbon neutrality. Optimize consumer financial services in the field of bulk consumer goods and social services, and continue to increase financial support for enterprises to stabilize and expand their jobs and key groups to start businesses and employment. Accord",True,Yes
1449,2023-12-28,,People's Bank of China,carbon neutrality," modern industrial system. Adhere to the ""two unswerving"" and continue to do a good job in financial services to support the development and growth of the private economy. Improve the green financial system with the goal of promoting carbon peak and carbon neutrality. Optimize consumer financial services in the field of bulk consumer goods and social services, and continue to increase financial support for enterprises to stabilize and expand their jobs and key groups to start businesses and employment. According",True,Yes
1449,2023-12-28,,People's Bank of China,green finance," focus on their main responsibilities and main businesses, support banks to replenish capital, and jointly maintain the stable development of the financial market. We will do a good job in the ""five major articles"" of science and technology finance, green finance, inclusive finance, pension finance and digital finance, implement the existing structural monetary policy tools, implement the re-lending and re-discounting quota, continue to increase support for inclusive finance, green transformation, scientific",True,Yes
1450,2023-09-27,,People's Bank of China,carbon neutral,"nancial institutions to increase medium and long-term loans for the manufacturing industry, and support the acceleration of the construction of a modern industrial system. Improve the green financial system with the goal of promoting carbon peak and carbon neutrality. Optimize consumer financial services in the field of bulk consumer goods and social services, and continue to increase financial support for enterprises to stabilize and expand their jobs and key groups to start businesses and employment. Due to",True,Yes
1450,2023-09-27,,People's Bank of China,carbon neutrality,"nancial institutions to increase medium and long-term loans for the manufacturing industry, and support the acceleration of the construction of a modern industrial system. Improve the green financial system with the goal of promoting carbon peak and carbon neutrality. Optimize consumer financial services in the field of bulk consumer goods and social services, and continue to increase financial support for enterprises to stabilize and expand their jobs and key groups to start businesses and employment. Due to th",True,yes
1451,2023-06-30,,People's Bank of China,carbon neutral,"nancial institutions to increase medium and long-term loans for the manufacturing industry, and support the acceleration of the construction of a modern industrial system. Improve the green financial system with the goal of promoting carbon peak and carbon neutrality. Optimize consumer financial services in the field of bulk consumer goods and social services, and continue to increase financial support for enterprises to stabilize and expand their jobs and key groups to start businesses and employment. Accord",True,Yes
1451,2023-06-30,,People's Bank of China,carbon neutrality,"nancial institutions to increase medium and long-term loans for the manufacturing industry, and support the acceleration of the construction of a modern industrial system. Improve the green financial system with the goal of promoting carbon peak and carbon neutrality. Optimize consumer financial services in the field of bulk consumer goods and social services, and continue to increase financial support for enterprises to stabilize and expand their jobs and key groups to start businesses and employment. According",True,yes
1452,2023-04-14,,People's Bank of China,carbon neutral,"industrial system, and strive to make financial support for private enterprises compatible with the contribution of private enterprises to economic and social development. Improve the green financial system with the goal of promoting carbon peak and carbon neutrality. Optimize consumer financial services in the field of bulk consumer goods and social services, and continue to increase financial support for enterprises to stabilize and expand their jobs and key groups to start businesses and employment. Effect",True,Yes
1452,2023-04-14,,People's Bank of China,carbon neutrality,"industrial system, and strive to make financial support for private enterprises compatible with the contribution of private enterprises to economic and social development. Improve the green financial system with the goal of promoting carbon peak and carbon neutrality. Optimize consumer financial services in the field of bulk consumer goods and social services, and continue to increase financial support for enterprises to stabilize and expand their jobs and key groups to start businesses and employment. Effective",True,Yes
1453,2022-12-30,,People's Bank of China,carbon neutral,"a modern industrial system, and strive to achieve financial support for private enterprises and the contribution of private enterprises to economic and social development. Improve the green financial system with the goal of promoting carbon peak and carbon neutrality. Optimize consumer financial services in the field of bulk consumer goods and social services, and continue to increase financial support for enterprises to stabilize and expand their jobs and key groups to start businesses and employment. We wil",True,yes
1453,2022-12-30,,People's Bank of China,carbon neutrality,"a modern industrial system, and strive to achieve financial support for private enterprises and the contribution of private enterprises to economic and social development. Improve the green financial system with the goal of promoting carbon peak and carbon neutrality. Optimize consumer financial services in the field of bulk consumer goods and social services, and continue to increase financial support for enterprises to stabilize and expand their jobs and key groups to start businesses and employment. We will d",True,Yes
1453,2022-12-30,,People's Bank of China,coal,"lly stable. Structural monetary policy tools should continue to do a good job of ""addition"", strengthen support for key areas, weak links and industries affected by the epidemic, implement special re-lending to support the clean and efficient use of coal, scientific and technological innovation, inclusive pension, transportation and logistics, equipment renovation and transformation, inclusive small and micro loan support tools, and carbon emission reduction support tools, and implement comprehensiv",True,Yes
1454,2022-09-29,,People's Bank of China,carbon neutral,"izing the industrial chain and supply chain, and strive to make financial support for private enterprises compatible with the contribution of private enterprises to economic and social development, so as to promote the realization of carbon peak and carbon neutrality as the goal of improving the green financial system. Optimize consumer financial services in the field of bulk consumer goods and social services, and continue to increase financial support for enterprises to stabilize and expand their jobs and k",True,Yes
1454,2022-09-29,,People's Bank of China,carbon neutrality,"izing the industrial chain and supply chain, and strive to make financial support for private enterprises compatible with the contribution of private enterprises to economic and social development, so as to promote the realization of carbon peak and carbon neutrality as the goal of improving the green financial system. Optimize consumer financial services in the field of bulk consumer goods and social services, and continue to increase financial support for enterprises to stabilize and expand their jobs and key ",True,yes
1454,2022-09-29,,People's Bank of China,coal,"support for key areas, weak links and industries affected by the epidemic, support financial institutions to issue loans for equipment renovation and transformation in key areas such as manufacturing, implement support for clean and efficient use of coal, scientific and technological innovation, inclusive pension, transportation and logistics special re-lending and inclusive small and micro loan support tools, carbon emission reduction support tools, and comprehensive policies to support regional co",True,Yes
1455,2022-06-29,,People's Bank of China,carbon neutral,"izing the industrial chain and supply chain, and strive to make financial support for private enterprises compatible with the contribution of private enterprises to economic and social development, so as to promote the realization of carbon peak and carbon neutrality as the goal of improving the green financial system. Safeguard the legitimate rights and interests of housing consumers, better meet the reasonable housing needs of home buyers, and promote the healthy development and virtuous cycle of the real e",True,yes
1455,2022-06-29,,People's Bank of China,carbon neutrality,"izing the industrial chain and supply chain, and strive to make financial support for private enterprises compatible with the contribution of private enterprises to economic and social development, so as to promote the realization of carbon peak and carbon neutrality as the goal of improving the green financial system. Safeguard the legitimate rights and interests of housing consumers, better meet the reasonable housing needs of home buyers, and promote the healthy development and virtuous cycle of the real esta",True,Yes
1455,2022-06-29,,People's Bank of China,coal,"ools should actively do a good job of ""addition"", make precise efforts, increase support for inclusive small and micro loans, support small and medium-sized enterprises to stabilize employment, make good use of support for clean and efficient use of coal, scientific and technological innovation, inclusive pension, special re-lending for transportation and logistics, and carbon emission reduction support tools, comprehensively implement policies to support regional coordinated development, and guide ",True,Yes
1456,2022-03-30,,People's Bank of China,carbon neutral,"g-term loans for the manufacturing industry, and strive to make financial support for private enterprises compatible with the contribution of private enterprises to economic and social development, so as to promote the realization of carbon peak and carbon neutrality as the goal of improving the green financial system. Safeguard the legitimate rights and interests of housing consumers, better meet the reasonable housing needs of home buyers, and promote the healthy development and virtuous cycle of the real e",True,Yes
1456,2022-03-30,,People's Bank of China,carbon neutrality,"g-term loans for the manufacturing industry, and strive to make financial support for private enterprises compatible with the contribution of private enterprises to economic and social development, so as to promote the realization of carbon peak and carbon neutrality as the goal of improving the green financial system. Safeguard the legitimate rights and interests of housing consumers, better meet the reasonable housing needs of home buyers, and promote the healthy development and virtuous cycle of the real esta",True,Yes
1456,2022-03-30,,People's Bank of China,coal,"efforts, make good use of inclusive small and micro loan support tools, increase re-lending to support agriculture and small enterprises, implement carbon emission reduction support tools and support special re-lending for clean and efficient use of coal, implement comprehensive policies to support regional coordinated development, and guide financial institutions to increase support for small and micro enterprises, scientific and technological innovation, and green development. Deepen the supply-si",True,Yes
1457,2021-12-25,,People's Bank of China,carbon neutral,"g-term loans for the manufacturing industry, and strive to make financial support for private enterprises compatible with the contribution of private enterprises to economic and social development, so as to promote the realization of carbon peak and carbon neutrality as the goal of improving the green financial system. Safeguard the legitimate rights and interests of housing consumers, better meet the reasonable housing needs of home buyers, and promote the healthy development and virtuous cycle of the real e",True,yes
1457,2021-12-25,,People's Bank of China,carbon neutrality,"g-term loans for the manufacturing industry, and strive to make financial support for private enterprises compatible with the contribution of private enterprises to economic and social development, so as to promote the realization of carbon peak and carbon neutrality as the goal of improving the green financial system. Safeguard the legitimate rights and interests of housing consumers, better meet the reasonable housing needs of home buyers, and promote the healthy development and virtuous cycle of the real esta",True,yes
1457,2021-12-25,,People's Bank of China,coal,"y into market-oriented policy tools to support inclusive small and micro enterprises and individual industrial and commercial households, implement carbon emission reduction support tools and support special re-lending for clean and efficient use of coal, implement comprehensive policies to support regional coordinated development, and guide financial institutions to increase support for small and micro enterprises, scientific and technological innovation, and green development. Deepen the supply-si",True,yes
1458,2021-09-27,,People's Bank of China,carbon neutral,"private enterprises is compatible with the contribution of private enterprises to economic and social development, and orderly promote the implementation of carbon emission reduction support tools, so as to promote the realization of carbon peak and carbon neutrality as the goal of improving the green financial system. Maintain the healthy development of the real estate market and safeguard the legitimate rights and interests of housing consumers. Promote high-level two-way financial opening-up, and improve e",True,yes
1458,2021-09-27,,People's Bank of China,carbon neutrality,"private enterprises is compatible with the contribution of private enterprises to economic and social development, and orderly promote the implementation of carbon emission reduction support tools, so as to promote the realization of carbon peak and carbon neutrality as the goal of improving the green financial system. Maintain the healthy development of the real estate market and safeguard the legitimate rights and interests of housing consumers. Promote high-level two-way financial opening-up, and improve econ",True,Yes
1459,2021-06-28,,People's Bank of China,carbon neutral,"to achieve financial support for private enterprises and the contribution of private enterprises to economic and social development, and study the establishment of carbon emission reduction support tools to promote the realization of carbon peak and carbon neutrality as the goal of improving the green financial system. Promote high-level two-way financial opening-up, and improve economic and financial management capabilities and risk prevention and control capabilities under the conditions of opening up.
The ",True,Yes
1459,2021-06-28,,People's Bank of China,carbon neutrality,"to achieve financial support for private enterprises and the contribution of private enterprises to economic and social development, and study the establishment of carbon emission reduction support tools to promote the realization of carbon peak and carbon neutrality as the goal of improving the green financial system. Promote high-level two-way financial opening-up, and improve economic and financial management capabilities and risk prevention and control capabilities under the conditions of opening up.
The mee",True,Yes
1460,2021-03-25,,People's Bank of China,carbon neutral,"eve financial support for private enterprises and the contribution of private enterprises to economic and social development, support regional coordinated development, and improve the green financial system with the goal of promoting carbon peak and carbon neutrality. Promote high-level two-way financial opening-up, and improve economic and financial management capabilities and risk prevention and control capabilities under the conditions of opening up.
The meeting emphasized that it is necessary to be guided",True,Yes
1460,2021-03-25,,People's Bank of China,carbon neutrality,"eve financial support for private enterprises and the contribution of private enterprises to economic and social development, support regional coordinated development, and improve the green financial system with the goal of promoting carbon peak and carbon neutrality. Promote high-level two-way financial opening-up, and improve economic and financial management capabilities and risk prevention and control capabilities under the conditions of opening up.
The meeting emphasized that it is necessary to be guided by",True,yes
1461,2020-12-29,,People's Bank of China,carbon neutral,"um and long-term loans in the manufacturing industry, and strive to achieve financial support for private enterprises and the contribution of private enterprises to economic and social development, so as to promote the realization of carbon peak and carbon neutrality as the goal of improving the green financial system. Innovation-driven, high-quality supply leads and creates new demand, and accelerates the construction of a new development pattern with the domestic cycle as the main body and the domestic and ",True,yes
1461,2020-12-29,,People's Bank of China,carbon neutrality,"um and long-term loans in the manufacturing industry, and strive to achieve financial support for private enterprises and the contribution of private enterprises to economic and social development, so as to promote the realization of carbon peak and carbon neutrality as the goal of improving the green financial system. Innovation-driven, high-quality supply leads and creates new demand, and accelerates the construction of a new development pattern with the domestic cycle as the main body and the domestic and int",True,Yes
1759,2024-05-23,,Bank of Mexico,climate change,"s the changes to be incorporated 
in recent years in the global economy and in the 
and that could have generated 
structural changes, in addition to others that are 
have become more relevant to understanding 
of price formation, as is the case of 
climate change, and that have implied less 
precision. This will contribute to a more 
of the price stability objective in 
benefit of the population, especially the 
poorer. persistence 

a greater 

One member noted that the current process 
disinflationary is c",True,Yes
1760,2024-04-04,,Bank of Mexico,climate change," the presidential elections 
in Mexico and the United States they could also 
affect the trajectory of inflation. Root of 

of 

Most highlighted the risks associated with 
water scarcity and climatic effects. One argued that crashes related to the 
climate change have been increasingly severe and 
and that their adverse effects on the 
prices have been higher. As an additional risk, 
He noted that non-core inflation could 
be above the expected and very close to 
their average levels. In particular, he added",True,Yes
1781,2021-08-26,,Bank of Mexico,climate change,"Infrastructure, Investment and Employment Program 
which contemplates investments of around 1.2 
trillion dollars over the next 8 years, as well as 
such as the discussion of a budget proposal 
for about $3.5 billion directed to 
social programs and climate change. In the event of 
that the legislation of the Infrastructure Program 
be ratified by the House of Representatives, and 
that the budget proposal for social spending 

residential contracted and 
Followed 

11 

20253035404550556065201520162017201820",True,yes
1803,2019-01-03,,Bank of Mexico,climate change," due to a 
exchange rate trajectory more depreciated than 
and higher prices of agricultural products, 
particularly, fruits and vegetables. One of them 
specified that the upward revision of prices in 
these categories – the result of affectations 
climate change—partially compensates for the drop in 
energy prices. Another added to the factors 
that affect inflation forecasts on 
recent increase in minimum wages. the 

uncertainty 

The majority of members considered that the 
balance of risks with respect ",True,Yes
1808,2018-05-31,,Bank of Mexico,climate change,"adjusted figures. Source: Bureau of Economic Analysis. Industrial production in the United States increased 
0.7% at a monthly rate in April. This expansion 
was due to the continuous recovery of supply 
of electricity and gas, after the conditions 
climate change will normalize after the temperatures 
unusually warm temperatures that were recorded in the early 
of the year and that contributed to lower demand 
for heating, as well as for the continuous strength 
of mining-related activity 
of oil and gas. In",True,Yes
1808,2018-05-31,,Bank of Mexico,oil and gas,"
climate change will normalize after the temperatures 
unusually warm temperatures that were recorded in the early 
of the year and that contributed to lower demand 
for heating, as well as for the continuous strength 
of mining-related activity 
of oil and gas. In addition, manufactures 
expanded significantly in that month, 
due, to a large extent, to the strong expansion of 
the production of equipment, suggesting that the 
slowdown in investment in this area in the 
The first quarter of the year could ",True,Yes
1895,2022-01-04,,National Bank of Poland,climate policy,"ember its prices 

were 5 times higher than the year before.  It was emphasized that in Europe an additional 

A factor increasing the prices of energy carriers are very high prices of allowances 

CO2 emissions related to the tightening of the EU's climate policy.  Simultaneously 

disruptions in global supply chains are prolonged, and transport prices 

international level are still elevated.  According to the members of the Council, the 

factors, together with a strong recovery in demand, are contributing",True,Yes
1896,2021-12-08,,National Bank of Poland,climate policy,"n 

natural gas supply. At the same time, in Europe, in addition to the jumping and very 

strong increase in gas prices, the factor driving up energy prices is a very strong 

an increase in the prices of CO2 emission allowances related to the EU's climate policy.  

Council members pointed out that high commodity prices, combined with the prolongation of the 

disruptions in the functioning of global supply chains and the still high levels of 

international transport prices, contribute to a marked increase",True,yes
1899,2021-09-08,,National Bank of Poland,carbon footprint," target in the coming quarters. Part 

members of the Council pointed out that the long-term factor increasing inflation 

climate policy measures that can permanently drive up not only prices 

energy, but also other goods containing the so-called  carbon footprint.  It was pointed out that 

at the same time, that the possible realisation of the risks associated with the pandemic could 

economic growth in the coming quarters, and thus also demand pressure 

on prices. 

Some members of the Council drew atten",True,yes
1899,2021-09-08,,National Bank of Poland,climate policy,"months.  In their view, the risk that inflation will not be able to 

will return to the range of deviations from the inflation target in the coming quarters. Part 

members of the Council pointed out that the long-term factor increasing inflation 

climate policy measures that can permanently drive up not only prices 

energy, but also other goods containing the so-called  carbon footprint.  It was pointed out that 

at the same time, that the possible realisation of the risks associated with the pandemic co",True,yes
1903,2021-04-07,,National Bank of Poland,climate policy,"point to a decrease in inflation 
in 2022 to a level close to 2.5%. These members indicated that in other cases they had also 
countries should be expected to increase inflation in the near future.  

Some members of the Council argued that the EU's climate policy was mainly 
European Union, resulting in m.in.  a significant increase in the prices of CO2 emission allowances, may 
higher energy prices also in 2022 and thus have a more sustainable impact on the 
impact on the development of the CPI index in Pol",True,yes
1932,2018-10-03,,National Bank of Poland,carbon dioxide,"f of 2019 will be higher than it is now. Members 
The Councils pointed out that the increase in inflation will mainly be driven by higher energy prices related to the 
higher prices of energy resources, as well as more expensive emission allowances 
carbon dioxide. According to some Council members, the increase in fuel prices may be 
The introduction of an emission fee from next year will also have an impact.  Extra 
A factor conducive to higher inflation will also be the expected higher 
annual dynamics of ",True,yes
1997,2012-11-07,,National Bank of Poland,climate change," some of these Council members, in addition to the 
volatility of food and energy prices on global markets, a source of uncertainty for the 
inflation package, which is more severe than assumed in the projection, remains the scale of the 
energy and climate change on energy prices in Poland.  Similarly difficult to assess is – their 
the scale of the impact of changes in the price conditions of gas supplies imported to Poland on the 
possible decrease in domestic energy prices.  

Regarding the current and fu",True,yes
2094,2021-11-25,,Central Bank of Turkey,climate change,"ronmental risks, the CBRT aims to ensure that monetary policy is based on 

Sustainable finance practices in a long-term way without causing a change in their goals. 
Within the scope of the decision to support it as a policy, the ""Green Economy and Climate Change Directorate"" 
It has decided to establish a new unit under the name of The unit in question is expected to be responsible for climate change. 
identify vulnerabilities and opportunities that may arise within the financial system, and 
It is aimed to",True,Yes
2094,2021-11-25,,Central Bank of Turkey,sustainable finance,"22 

3 

Await. The Board approved the use of the limited space implied by these impacts in December 
will evaluate completion. 

17. In order to limit climate and other environmental risks, the CBRT aims to ensure that monetary policy is based on 

Sustainable finance practices in a long-term way without causing a change in their goals. 
Within the scope of the decision to support it as a policy, the ""Green Economy and Climate Change Directorate"" 
It has decided to establish a new unit under the name of The unit ",True,Yes
2094,2021-11-25,,Central Bank of Turkey,green economy,"ate and other environmental risks, the CBRT aims to ensure that monetary policy is based on 

Sustainable finance practices in a long-term way without causing a change in their goals. 
Within the scope of the decision to support it as a policy, the ""Green Economy and Climate Change Directorate"" 
It has decided to establish a new unit under the name of The unit in question is expected to be responsible for climate change. 
identify vulnerabilities and opportunities that may arise within the financial system, ",True,Yes
2095,2021-10-28,,Central Bank of Turkey,sustainable finance,"ue to supply-side incidental factors 
It was assessed by the Board that there was limited room for correction until the end of the year. 

17. The Committee also considers that monetary policy in order to limit climate and other environmental risks 
Sustainable finance practices for a long time without leading to a change in its main objectives 
It has decided to support it as a term policy. 

18. Inflation in the short run, mainly commodity prices and administered prices. 

It is expected to follow a volatile cou",True,yes
2289,2021-09-03,,Bank of Thailand,greenhouse gas,"nsidered appropriate to monitor the development.
Inner calf

At a high level continuously.

It is likely to be high.
at a high level for more than a year.

O
-3- 

According to the

Sorry
Less than expected from the investment in oil rigs.
Reducing greenhouse gas emissions

In the long term, if global energy demand continues to rise.
Adjustment
Sorry
Countries to
It is estimated that it will affect domestic energy prices. Anyway
Price mechanism.
Electricity bill Height adjustment
of the
Including various fac",True,Yes
2299,2023-04-24,,Bank of Thailand,climate change,"ommittee agreed that inflation is still low.

Worse than in the past. Passing on costs can be substantial.

It is expected to be viscous. 
From the
Operators
(persistence)
from the expansion of
will try to adjust
In the
Economy and Stimulus Measures
Climate change will result in the price of fresh food products being very viscous.
Ahead of the problem of elimination
It may cause drought problems.
T
Often.
The price may be high.
N
Sorry
Severe and longer than the past.

and difficult to decrease, such as the E",True,yes
2579,2023-01-23,,National Bank of Romania,energy transition,"articular those related to the Next Generation EU programme, which is conditional on the fulfilment of strict targets and milestones in the implementation of projects, but is essential for carrying out the necessary structural reforms, including the energy transition, as well as for counterbalancing, at least partially, the contractionary impact of supply-side shocks,  amplified by the war in Ukraine and the tightening of international economic and financial conditions. 
However, major uncertainties and risks al",True,Yes
2582,2022-08-19,,National Bank of Romania,energy transition,"tional on the fulfilment of strict targets and milestones in the implementation of approved projects, the members of the Council have stressed on several occasions, but it is essential for carrying out the necessary structural reforms, including the energy transition, as well as for counterbalancing, at least partially, the contractionary impact of supply-side shocks,  amplified by the war in Ukraine. The absorption and maximum use of these funds are vital in the current conjuncture, several members of the Counc",True,Yes
2583,2022-07-18,,National Bank of Romania,energy transition,", making the most of the European funds allocated to Romania, especially those related to the Next Generation EU program, is vital, the members of the Council argued, attracting them being essential for accelerating structural reforms, including the energy transition – given the nature of the conditionalities attached to the process – but also to counterbalance, at least partially, the contractionary impact of the large global shocks on the supply side,  as well as the effects of fiscal consolidation.
However, t",True,Yes
3148,2011-03-11,,Central Bank of Colombia,climate change,"veral of these goods. 
With regard to supply, the climatic problems present since the middle of the 
of the previous year, and recent political developments have contributed to the 
increase in these prices.  In this context, the shock is likely to 
climate change will be diluted over the course of the year. In the case of those of demand, their 
duration may be longer since they are due to associated structural factors 
with the expected good performance of emerging economies. 

4

In this context of good gl",True,yes
3164,2009-11-06,,Central Bank of Colombia,climate change," among the members of the Board are 
focused on the following aspects: (i) the elements that affect the 
inflation projections for 2009 and 2010, especially a possible rebound 
in the prices of regulated goods and food due to the phenomenon 
El Niño climate change; (ii) the lagged effect of monetary policy measures 
on production and prices; (iii) the growth projections of the 
economy for the remainder of the year and 2010 with a more 
weak than projected and a lower fiscal impulse next year;    (iv) the 
A ",True,Yes
